[
    {
      "id": 1,
      "title": "Product 1",
      "url": "/products/product1",
      "price": 10
    },
    {
      "id": 2,
      "title": "Product 2",
      "url": "/products/product2",
      "price": 20
    },
    {
      "id": 3,
      "title": "Product 3",
      "url": "/products/product3",
      "price": 30
    },
    {
        "id": 4,
        "title": "Product 4",
        "url": "/products/product4",
        "price": 40
      },
      {
        "id": 5,
        "title": "Product 5",
        "url": "/products/product5",
        "price": 50
      }

  ]